{
    "name": "root",
    "gauges": {
        "PlayerAvoidance.Policy.Entropy.mean": {
            "value": 1.0873208045959473,
            "min": 1.0873208045959473,
            "max": 1.0873208045959473,
            "count": 1
        },
        "PlayerAvoidance.Policy.ExtrinsicValueEstimate.mean": {
            "value": -1.789902925491333,
            "min": -1.789902925491333,
            "max": -1.789902925491333,
            "count": 1
        },
        "PlayerAvoidance.Losses.ValueLoss.mean": {
            "value": 1.153315782546997,
            "min": 1.153315782546997,
            "max": 1.153315782546997,
            "count": 1
        },
        "PlayerAvoidance.Losses.PolicyLoss.mean": {
            "value": 0.021869076415896416,
            "min": 0.021869076415896416,
            "max": 0.021869076415896416,
            "count": 1
        },
        "PlayerAvoidance.Policy.LearningRate.mean": {
            "value": 0.00028272002236917615,
            "min": 0.00028272002236917615,
            "max": 0.00028272002236917615,
            "count": 1
        },
        "PlayerAvoidance.Policy.Epsilon.mean": {
            "value": 0.194240003824234,
            "min": 0.194240003824234,
            "max": 0.194240003824234,
            "count": 1
        },
        "PlayerAvoidance.Policy.Beta.mean": {
            "value": 0.004712576046586037,
            "min": 0.004712576046586037,
            "max": 0.004712576046586037,
            "count": 1
        },
        "PlayerAvoidance.IsTraining.mean": {
            "value": 1.0,
            "min": 1.0,
            "max": 1.0,
            "count": 1
        }
    },
    "metadata": {
        "timer_format_version": "0.1.0",
        "start_time_seconds": "1594437567",
        "python_version": "3.8.3 (tags/v3.8.3:6f8c832, May 13 2020, 22:37:02) [MSC v.1924 64 bit (AMD64)]",
        "command_line_arguments": "C:\\Users\\Dilmer\\Code\\VirtualEnvironments\\UnityMLAgentsSetupEnv\\Scripts\\mlagents-learn .\\BasicAvoidance.yaml --run-id=Test2 --force",
        "mlagents_version": "0.17.0",
        "mlagents_envs_version": "0.17.0",
        "communication_protocol_version": "1.0.0",
        "tensorflow_version": "2.2.0",
        "end_time_seconds": "1594437646"
    },
    "total": 79.3740096,
    "count": 1,
    "self": 0.004781399999984615,
    "children": {
        "run_training.setup": {
            "total": 0.013313600000000037,
            "count": 1,
            "self": 0.013313600000000037
        },
        "TrainerController.start_learning": {
            "total": 79.3559146,
            "count": 1,
            "self": 3.012408699999881,
            "children": {
                "TrainerController._reset_env": {
                    "total": 25.8959161,
                    "count": 1,
                    "self": 25.8959161
                },
                "TrainerController.advance": {
                    "total": 49.36702390000011,
                    "count": 3431,
                    "self": 0.027670299999897452,
                    "children": {
                        "env_step": {
                            "total": 49.339353600000216,
                            "count": 3431,
                            "self": 46.77237300000064,
                            "children": {
                                "SubprocessEnvManager._take_step": {
                                    "total": 2.53215619999969,
                                    "count": 3431,
                                    "self": 0.09722600000008086,
                                    "children": {
                                        "NNPolicy.evaluate": {
                                            "total": 2.4349301999996094,
                                            "count": 3431,
                                            "self": 2.4349301999996094
                                        }
                                    }
                                },
                                "workers": {
                                    "total": 0.03482439999988074,
                                    "count": 3430,
                                    "self": 0.0,
                                    "children": {
                                        "worker_root": {
                                            "total": 51.9214792999996,
                                            "count": 3430,
                                            "is_parallel": true,
                                            "self": 10.405947999999483,
                                            "children": {
                                                "steps_from_proto": {
                                                    "total": 0.0004267000000020005,
                                                    "count": 1,
                                                    "is_parallel": true,
                                                    "self": 0.00017689999999959127,
                                                    "children": {
                                                        "_process_vector_observation": {
                                                            "total": 0.0002498000000024092,
                                                            "count": 2,
                                                            "is_parallel": true,
                                                            "self": 0.0002498000000024092
                                                        }
                                                    }
                                                },
                                                "UnityEnvironment.step": {
                                                    "total": 41.515104600000114,
                                                    "count": 3430,
                                                    "is_parallel": true,
                                                    "self": 0.22315759999980145,
                                                    "children": {
                                                        "UnityEnvironment._generate_step_input": {
                                                            "total": 1.4784930000003094,
                                                            "count": 3430,
                                                            "is_parallel": true,
                                                            "self": 1.4784930000003094
                                                        },
                                                        "communicator.exchange": {
                                                            "total": 38.60332179999989,
                                                            "count": 3430,
                                                            "is_parallel": true,
                                                            "self": 38.60332179999989
                                                        },
                                                        "steps_from_proto": {
                                                            "total": 1.2101322000001105,
                                                            "count": 3430,
                                                            "is_parallel": true,
                                                            "self": 0.5114612000006389,
                                                            "children": {
                                                                "_process_vector_observation": {
                                                                    "total": 0.6986709999994716,
                                                                    "count": 6860,
                                                                    "is_parallel": true,