{"count":1,"self":17.257184,"total":17.553899299999998,"children":{"AgentSendState":{"count":657,"self":0.0149872,"total":0.0209716,"children":{"CollectObservations":{"count":189,"self":0.0029944999999999998,"total":0.0029944999999999998,"children":null},"CollectDiscreteActionMasks":{"count":189,"self":0.0029898999999999998,"total":0.0029898999999999998,"children":null}}},"DecideAction":{"count":657,"self":0.26875289999999996,"total":0.26875289999999996,"children":null},"AgentAct":{"count":657,"self":0.0059927999999999995,"total":0.0059927999999999995,"children":null}},"gauges":{},"metadata":{"timer_format_version":"0.1.0","start_time_seconds":"1594142168","unity_version":"2019.3.5f1","command_line_arguments":"C:\\Program Files\\Unity\\Hub\\Editor\\2019.3.5f1\\Editor\\Unity.exe -projectpath C:\/Users\/Dilmer\/Code\/UnityMLBasketball -useHub -hubIPC -cloudEnvironment production -hubSessionId 7c08ee50-bef0-11ea-b4b3-2b3c52f3ff1a -accessToken qwQP3zaDN4TEjBpNT4atT_JkpF5JO2nG37wat6LDmNI012f","communication_protocol_version":"1.0.0","com.unity.ml-agents_version":"1.0.2","scene_name":"Bouncer","end_time_seconds":"1594142186"}}