{"count":1,"self":36.083513599999996,"total":629.387422,"children":{"AgentSendState":{"count":44884,"self":4.6067871999999994,"total":26.7164824,"children":{"CollectObservations":{"count":215448,"self":1.5757459999999999,"total":1.5757459999999999,"children":null},"CollectDiscreteActionMasks":{"count":215448,"self":0.6331318,"total":0.6331318,"children":null},"AgentInfo.ToProto":{"count":215448,"self":1.8016904,"total":19.900817399999998,"children":{"GenerateSensorData":{"count":215448,"self":11.146680799999999,"total":18.0991271,"children":{"RayPerceptionSensor.Perceive":{"count":430896,"self":6.9524463999999995,"total":6.9524466,"children":null}}}}}}},"DecideAction":{"count":44884,"self":558.066688,"total":558.06670769999994,"children":null},"AgentAct":{"count":44884,"self":8.3326984,"total":8.4889162,"children":{"AgentInfo.ToProto":{"count":1291,"self":0.0180367,"total":0.156218,"children":{"GenerateSensorData":{"count":1291,"self":0.097800299999999993,"total":0.1381813,"children":{"RayPerceptionSensor.Perceive":{"count":2582,"self":0.040381,"total":0.040381,"children":null}}}}}}},"AgentInfo.ToProto":{"count":275,"self":0.0019674,"total":0.0298066,"children":{"GenerateSensorData":{"count":275,"self":0.015906399999999998,"total":0.027839199999999998,"children":{"RayPerceptionSensor.Perceive":{"count":550,"self":0.011932799999999999,"total":0.011932799999999999,"children":null}}}}}},"gauges":{"BigWallJump.CumulativeReward":{"count":895,"max":0.879499853,"min":-1.99901867,"runningAverage":-1.1435194,"value":-1.023,"weightedAverage":-1.12956047},"SmallWallJump.CumulativeReward":{"count":628,"max":0.9565,"min":-1.86201239,"runningAverage":-0.470540076,"value":0.8190006,"weightedAverage":0.198310286}},"metadata":{"timer_format_version":"0.1.0","start_time_seconds":"1594236828","unity_version":"2019.3.5f1","command_line_arguments":"C:\\Program Files\\Unity\\Hub\\Editor\\2019.3.5f1\\Editor\\Unity.exe -projectpath C:\/Users\/Dilmer\/Code\/UnityMLBasketball -useHub -hubIPC -cloudEnvironment production -hubSessionId 7c08ee50-bef0-11ea-b4b3-2b3c52f3ff1a -accessToken Zgk4CMDoTWMDF1wtNpue9UkbaDOTq3-3TcmdzASa6us012f","communication_protocol_version":"1.0.0","com.unity.ml-agents_version":"1.0.2","scene_name":"WallJump","end_time_seconds":"1594237457"}}